<?xml version="1.0" encoding="UTF-8"?>
<!DOCTYPE module PUBLIC "-//Puppy Crawl//DTD Check Configuration 1.3//EN"
        "http://www.puppycrawl.com/dtds/configuration_1_3.dtd">

<!--
    This configuration file was written by the eclipse-cs plugin configuration editor
-->
<!--
    Checkstyle-Configuration: Clean Code Checks
    Description: none
-->
<module name="Checker">
    <property name="severity" value="warning"/>
    <module name="TreeWalker">
        <module name="IllegalImport">
            <property name="illegalPkgs" value="sun,com.oracle,edu.emory.mathcs.backport.java.util"/>
        </module>
        <module name="ArrayTypeStyle"/>
        <module name="AnonInnerLength">
            <property name="max" value="50"/>
        </module>
        <module name="DefaultComesLast"/>
        <module name="ModifierOrder"/>
        <module name="OuterTypeNumber"/>
        <module name="OuterTypeFilename"/>
        <module name="CovariantEquals"/>
        <module name="EqualsHashCode"/>
        <module name="OneStatementPerLine"/>
        <module name="StringLiteralEquality"/>
        <module name="FallThrough"/>
        <module name="SimplifyBooleanExpression"/>
        <module name="IllegalThrows">
            <property name="illegalClassNames" value="java.lang.Error, java.lang.RuntimeException,java.lang.Throwable"/>
        </module>
        <module name="SimplifyBooleanReturn"/>
        <module name="AnnotationUseStyle"/>
        <module name="UpperEll"/>
        <module name="NeedBraces"/>
        <module name="UnusedImports"/>
        <module name="EmptyStatement"/>
        <module name="MultipleVariableDeclarations"/>
        <module name="PackageAnnotation"/>
        <module name="AvoidStarImport"/>
        <module name="IllegalType">
            <property name="tokens" value="METHOD_DEF,PARAMETER_DEF,VARIABLE_DEF"/>
            <property name="format" value="DontCheckForAbstractClasses"/>
        </module>
        <module name="MutableException"/>
        <module name="ParameterNumber">
            <property name="max" value="5"/>
            <property name="tokens" value="METHOD_DEF"/>
        </module>
        <module name="AvoidNestedBlocks"/>
        <module name="InnerAssignment"/>
        <module name="NestedForDepth"/>
        <module name="NestedIfDepth">
            <property name="max" value="2"/>
        </module>
        <module name="NestedTryDepth"/>
        <module name="RedundantThrows">
            <property name="allowUnchecked" value="true"/>
            <property name="suppressLoadErrors" value="true"/>
        </module>
        <module name="FinalClass"/>
        <module name="HideUtilityClassConstructor"/>
        <module name="InterfaceIsType"/>
        <module name="BooleanExpressionComplexity"/>
        <module name="ClassFanOutComplexity">
            <property name="max" value="30"/>
        </module>
        <module name="CyclomaticComplexity"/>
        <module name="NPathComplexity"/>
        <module name="ParameterNumber">
            <property name="max" value="10"/>
            <property name="tokens" value="CTOR_DEF"/>
        </module>
        <module name="IllegalInstantiation">
            <property name="classes"
                      value="java.lang.Boolean,java.lang.Integer,java.lang.Long,java.lang.Byte,java.lang.Short,java.lang.Character,java.lang.Double,java.lang.Float"/>
        </module>
        <module name="SuppressWarnings">
            <property name="format" value="^boxing$"/>
        </module>
        <module name="MissingDeprecated"/>
        <module name="MissingOverride"/>
        <module name="RedundantImport"/>
        <module name="RedundantModifier"/>
        <module name="AnonInnerLength">
            <property name="max" value="30"/>
        </module>
        <module name="RegexpSinglelineJava">
            <property name="format" value="@Ignore"/>
            <property name="ignoreComments" value="true"/>
        </module>
        <module name="RegexpSinglelineJava">
            <property name="severity" value="info"/>
            <property name="format" value="System\.out\.print(ln)?"/>
            <property name="ignoreComments" value="true"/>
        </module>
        <module name="RegexpSinglelineJava">
            <property name="severity" value="info"/>
            <property name="format" value="\.printStacktrace"/>
            <property name="ignoreComments" value="true"/>
        </module>
        <module name="RegexpSinglelineJava">
            <property name="severity" value="info"/>
            <property name="format" value="System\.exit"/>
            <property name="ignoreComments" value="true"/>
        </module>
        <module name="MethodLength">
            <property name="max" value="200"/>
        </module>
        <module name="MethodCount">
            <property name="maxTotal" value="30"/>
            <property name="maxPrivate" value="20"/>
            <property name="maxPackage" value="20"/>
            <property name="maxProtected" value="20"/>
            <property name="maxPublic" value="10"/>
        </module>
    </module>
    <module name="FileLength">
        <property name="max" value="1000"/>
    </module>
    <module name="StrictDuplicateCode"/>
</module>
